Model,F1 Score,Accuracy,Precision,Recall
FFT-MLP,0.8333828654796963,0.785475132403969,0.7785461887935387,0.8965296750566761
CNN-BiLSTM,0.91336497075378,0.897598900764421,0.9249959018225713,0.902022902982038
Late Fusion,0.9192552064948818,0.9045126055535747,0.9304769844578098,0.9083008777538801
